{
  "train_mae": 0.009593622802139488,
  "test_mae": 0.02134127123879329,
  "train_rmse": 0.01220219288864253,
  "test_rmse": 0.026754122126816764,
  "train_r2": 0.9994486880062086,
  "test_r2": 0.9973276946991231,
  "n_samples": 1428,
  "n_features": 32,
  "model_type": "random_forest",
  "trained_at": "2025-11-20T15:17:39.521460",
  "cv_mae_mean": 0.02341234913371379,
  "cv_mae_std": 0.000958870044391359,
  "performance_score": 99.73
}