{
  "train_mae": 0.011774660316044834,
  "test_mae": 0.02094539127617151,
  "train_rmse": 0.014931479449804438,
  "test_rmse": 0.025768323314830442,
  "train_r2": 0.9988042556468724,
  "test_r2": 0.9968226730527789,
  "n_samples": 7252,
  "n_features": 32,
  "model_type": "random_forest",
  "trained_at": "2025-11-20T15:20:33.174163",
  "cv_mae_mean": 0.02154542517582471,
  "cv_mae_std": 0.00024462857254499464,
  "performance_score": 99.68
}