{
  "train_mae": 0.011774660316044837,
  "test_mae": 0.020945391276171496,
  "train_rmse": 0.014931479449804438,
  "test_rmse": 0.025768323314830432,
  "train_r2": 0.9988042556468724,
  "test_r2": 0.996822673052779,
  "n_samples": 7252,
  "n_features": 32,
  "model_type": "random_forest",
  "trained_at": "2025-11-20T12:39:05.718187",
  "cv_mae_mean": 0.021545425175824702,
  "cv_mae_std": 0.00024462857254499415,
  "performance_score": 99.68
}