{
  "train_mae": 0.011774660316044828,
  "test_mae": 0.020945391276171507,
  "train_rmse": 0.014931479449804434,
  "test_rmse": 0.025768323314830442,
  "train_r2": 0.9988042556468724,
  "test_r2": 0.9968226730527789,
  "n_samples": 7252,
  "n_features": 32,
  "model_type": "random_forest",
  "trained_at": "2025-11-20T11:46:44.274889",
  "cv_mae_mean": 0.021545425175824695,
  "cv_mae_std": 0.00024462857254499816,
  "performance_score": 99.68
}