{
  "train_mae": 0.011774660316044834,
  "test_mae": 0.02094539127617151,
  "train_rmse": 0.014931479449804433,
  "test_rmse": 0.02576832331483044,
  "train_r2": 0.9988042556468724,
  "test_r2": 0.9968226730527789,
  "n_samples": 7252,
  "n_features": 32,
  "model_type": "random_forest",
  "trained_at": "2025-11-20T12:47:27.994942",
  "cv_mae_mean": 0.021545425175824705,
  "cv_mae_std": 0.00024462857254499697,
  "performance_score": 99.68
}