{
  "train_mae": 0.011774660316044834,
  "test_mae": 0.020945391276171503,
  "train_rmse": 0.014931479449804434,
  "test_rmse": 0.025768323314830435,
  "train_r2": 0.9988042556468724,
  "test_r2": 0.9968226730527789,
  "n_samples": 7252,
  "n_features": 32,
  "model_type": "random_forest",
  "trained_at": "2025-11-20T11:49:35.153057",
  "cv_mae_mean": 0.021545425175824702,
  "cv_mae_std": 0.0002446285725449923,
  "performance_score": 99.68
}